日期,open,high,low,市场价,成交量,成交额,postVol,postAmt
2023-06-14,1.022,1.026,1.017,1.02,167205517,170815256,,
2023-06-15,1.03,1.033,1.028,1.03,88216147,90894792,,
2023-06-16,1.036,1.041,1.036,1.039,73976474,76855831,,
2023-06-19,1.035,1.039,1.034,1.037,45859961,47536915,,
2023-06-20,1.037,1.039,1.036,1.038,54522624,56580165,,
2023-06-21,1.042,1.043,1.04,1.041,37779781,39358107,,
2023-06-26,1.034,1.037,1.032,1.036,31282845,32367733,,
2023-06-27,1.024,1.026,1.02,1.026,28067636,28738865,,
2023-06-28,1.037,1.043,1.036,1.042,26955768,28032174,,
2023-06-29,1.048,1.051,1.047,1.048,24836318,26056441,,
2023-06-30,1.05,1.051,1.048,1.05,16957477,17789081,,
2023-07-03,1.065,1.067,1.063,1.067,34114722,36307282,,
2023-07-04,1.065,1.065,1.06,1.061,14313807,15214615,,
2023-07-05,1.061,1.063,1.058,1.06,10888277,11556851,,
2023-07-06,1.061,1.064,1.057,1.058,28553424,30268258,,
2023-07-07,1.052,1.055,1.052,1.054,29486618,31065731,,
2023-07-10,1.051,1.051,1.044,1.045,28545680,29854155,,
2023-07-11,1.048,1.051,1.047,1.051,21031197,22055830,,
2023-07-12,1.052,1.054,1.05,1.053,16732035,17597982,,
2023-07-13,1.062,1.067,1.062,1.067,22891096,24362904,,
2023-07-14,1.078,1.08,1.074,1.075,23874700,25689344,,
2023-07-17,1.075,1.079,1.073,1.079,18365484,19769674,,
2023-07-18,1.085,1.09,1.085,1.09,15837900,17222792,,
2023-07-19,1.1,1.105,1.099,1.105,79268417,87308692,,
2023-07-20,1.096,1.096,1.089,1.09,39213057,42825798,,
2023-07-21,1.069,1.074,1.067,1.074,39152712,41894261,,
2023-07-24,1.07,1.073,1.069,1.072,37806500,40509969,,
2023-07-25,1.069,1.069,1.065,1.069,30090800,32102978,,
2023-07-26,1.072,1.074,1.072,1.073,18569503,19920238,,
2023-07-27,1.072,1.083,1.072,1.082,25325800,27240708,,
2023-07-28,1.071,1.076,1.071,1.075,55017004,59043386,,
2023-07-31,1.086,1.088,1.082,1.083,33163404,35957651,,
2023-08-01,1.086,1.09,1.086,1.088,20889401,22748430,,
2023-08-02,1.085,1.085,1.077,1.077,33589602,36296864,,
2023-08-03,1.062,1.065,1.056,1.06,35662207,37900412,,
2023-08-04,1.063,1.067,1.062,1.066,36022000,38326862,,
2023-08-07,1.058,1.058,1.054,1.055,33853001,35745944,,
2023-08-08,1.058,1.061,1.057,1.059,21687700,22982258,,
2023-08-09,1.055,1.058,1.054,1.058,19342400,20430031,,
2023-08-10,1.046,1.049,1.044,1.046,15656218,16368485,,
2023-08-11,1.048,1.048,1.043,1.046,11760302,12293509,,
2023-08-14,1.04,1.04,1.035,1.037,20842200,21604458,,
2023-08-15,1.049,1.057,1.049,1.054,25395607,26780547,,
2023-08-16,1.044,1.046,1.042,1.046,28783800,30059660,,
2023-08-17,1.031,1.037,1.03,1.036,37443307,38688041,,
2023-08-18,1.022,1.023,1.017,1.017,19399793,19776639,,
2023-08-21,1.016,1.021,1.015,1.016,30936828,31466538,,
2023-08-22,1.027,1.032,1.027,1.032,39472000,40635658,,
2023-08-23,1.031,1.036,1.03,1.035,12357905,12772157,,
2023-08-24,1.055,1.063,1.055,1.063,26040020,27592681,,
2023-08-25,1.031,1.031,1.019,1.02,36556202,37448394,,
2023-08-28,1.026,1.035,1.026,1.034,22918600,23625448,,
2023-08-29,1.042,1.043,1.04,1.043,16573915,17265055,,
2023-08-30,1.063,1.065,1.062,1.062,19646700,20893833,,
2023-08-31,1.067,1.072,1.066,1.069,25722900,27506243,,
2023-09-01,1.069,1.076,1.066,1.068,27043636,28958606,,
2023-09-04,1.067,1.072,1.067,1.072,24318100,25997592,,
2023-09-05,1.072,1.072,1.068,1.068,18493700,19770533,,
2023-09-06,1.069,1.073,1.068,1.07,24887106,26643764,,
2023-09-07,1.063,1.064,1.059,1.061,18446901,19582812,,
2023-09-08,1.057,1.064,1.055,1.064,25246507,26744015,,
2023-09-11,1.063,1.063,1.056,1.061,26675700,28271922,,
2023-09-12,1.069,1.071,1.067,1.071,12880701,13768977,,
2023-09-13,1.06,1.061,1.054,1.056,21170001,22373257,,
2023-09-14,1.059,1.066,1.059,1.066,20939600,22265306,,
2023-09-15,1.07,1.072,1.068,1.07,28695502,30705831,,
2023-09-18,1.052,1.053,1.049,1.051,20318900,21350617,,
2023-09-19,1.052,1.052,1.048,1.049,25948200,27248725,,
2023-09-20,1.046,1.048,1.046,1.047,7668300,8027999,,
2023-09-21,1.03,1.031,1.028,1.031,13990912,14407292,,
2023-09-22,1.014,1.019,1.013,1.018,22016601,22382885,,
2023-09-25,1.016,1.019,1.015,1.019,24739329,25166860,,
2023-09-26,1.017,1.017,1.012,1.012,19863900,20165689,,
2023-09-27,1.005,1.008,1.002,1.008,12327000,12385595,,
2023-09-28,1.009,1.01,1.006,1.008,14388401,14501597,,
2023-10-09,1.021,1.025,1.021,1.022,17422202,17820554,,
2023-10-10,1.027,1.036,1.027,1.035,19372200,20034089,,
2023-10-11,1.042,1.043,1.04,1.043,10739603,11189502,,
2023-10-12,1.05,1.055,1.049,1.055,13052500,13738492,,
2023-10-13,1.047,1.05,1.044,1.045,14391002,15062441,,
2023-10-16,1.038,1.038,1.034,1.036,4545208,4707900,,
2023-10-17,1.046,1.047,1.041,1.041,14073600,14666725,,
2023-10-18,1.039,1.039,1.036,1.037,7128800,7396093,,
2023-10-19,1.032,1.032,1.021,1.023,20753700,21269812,,
2023-10-20,1.013,1.013,1.01,1.01,21214300,21457535,,
2023-10-23,1.003,1.006,1.002,1.004,11012308,11047422,,
2023-10-24,1.007,1.012,1.005,1.012,14090500,14193293,,
2023-10-25,1.014,1.014,1.01,1.011,12118700,12270743,,
2023-10-26,0.982,0.983,0.979,0.982,25846900,25355366,,
2023-10-27,0.978,0.984,0.978,0.983,19600603,19236679,,
2023-10-30,0.982,0.985,0.98,0.985,15129200,14861298,,
2023-10-31,0.985,0.985,0.982,0.984,17849300,17561948,,
2023-11-01,0.988,0.996,0.988,0.994,21181000,21026591,,
2023-11-02,1.011,1.016,1.011,1.016,25468100,25837056,,
2023-11-03,1.026,1.029,1.023,1.023,11146200,11421071,,
2023-11-06,1.034,1.039,1.034,1.039,16639601,17242483,,
2023-11-07,1.039,1.04,1.035,1.038,26430675,27451211,,
2023-11-08,1.05,1.051,1.047,1.049,18892200,19824443,,
2023-11-09,1.05,1.054,1.049,1.054,10007004,10523454,,
2023-11-10,1.045,1.045,1.041,1.043,18607800,19385339,,
2023-11-13,1.065,1.066,1.061,1.063,30659303,32595750,,
2023-11-14,1.065,1.068,1.064,1.068,10727702,11441758,,
2023-11-15,1.089,1.092,1.087,1.092,18804320,20500766,,
2023-11-16,1.091,1.092,1.087,1.091,8192600,8920058,,
2023-11-17,1.091,1.094,1.091,1.092,14598317,15951861,,
2023-11-20,1.089,1.089,1.082,1.083,11742517,12732997,,
2023-11-21,1.099,1.099,1.096,1.098,21407700,23490207,,
2023-11-22,1.091,1.091,1.087,1.088,26109797,28417400,,
2023-11-23,1.094,1.098,1.093,1.093,11643300,12748430,,
2023-11-24,1.094,1.096,1.093,1.093,3198500,3501300,,
2023-11-27,1.092,1.092,1.086,1.089,8347600,9087364,,
2023-11-28,1.089,1.092,1.089,1.091,2630958,2870180,,
2023-11-29,1.092,1.095,1.092,1.094,17497800,19122834,,
2023-11-30,1.093,1.093,1.089,1.092,11991400,13099685,,
2023-12-01,1.087,1.089,1.086,1.089,2674200,2908278,,
2023-12-04,1.09,1.092,1.088,1.09,12140600,13232234,,
2023-12-05,1.083,1.083,1.078,1.079,6335800,6845451,,
2023-12-06,1.09,1.093,1.09,1.093,4541317,4956986,,
2023-12-07,1.085,1.085,1.08,1.081,5206606,5628734,,
2023-12-08,1.094,1.095,1.091,1.093,24703900,27003064,,
2023-12-11,1.098,1.101,1.097,1.101,0,0,,
2023-12-12,1.111,1.115,1.11,1.115,0,0,,
2023-12-13,1.124,1.126,1.121,1.123,0,0,,
2023-12-14,1.137,1.141,1.135,1.139,26840700,30530470,,
2023-12-15,1.133,1.133,1.126,1.129,9806600,11074201,,
2023-12-18,1.134,1.138,1.133,1.137,8854200,10059947,,
2023-12-19,1.142,1.144,1.141,1.143,11513500,13157188,,
2023-12-20,1.148,1.151,1.147,1.151,13693414,15746613,,
2023-12-21,1.133,1.139,1.133,1.138,17959400,20397954,,
2023-12-22,1.147,1.147,1.141,1.142,28043504,32041246,,
2023-12-25,1.143,1.144,1.141,1.144,7926100,9059062,,
2023-12-26,1.145,1.151,1.144,1.149,12548801,14411628,,
2023-12-27,1.152,1.154,1.151,1.153,13082500,15088718,,
2023-12-28,1.155,1.155,1.15,1.152,22696907,26166947,,
2023-12-29,1.149,1.149,1.147,1.148,14790400,16981852,,
2024-01-02,1.144,1.146,1.142,1.143,12394500,14176276,,
2024-01-03,1.127,1.128,1.125,1.126,12306003,13857043,,
2024-01-04,1.116,1.12,1.115,1.12,9941400,11100596,,
2024-01-05,1.115,1.115,1.109,1.11,23318400,25915743,,
2024-01-08,1.112,1.115,1.111,1.112,18694200,20811537,,
2024-01-09,1.134,1.138,1.134,1.138,33170900,37698942,,
2024-01-10,1.139,1.14,1.138,1.138,22090800,25165234,,
2024-01-11,1.147,1.153,1.147,1.153,20620400,23742220,,
2024-01-12,1.15,1.15,1.145,1.148,17613000,20208757,,
2024-01-15,1.148,1.154,1.147,1.154,17101200,19699576,,
2024-01-16,1.149,1.149,1.143,1.144,46485600,53279337,,
2024-01-17,1.149,1.152,1.142,1.142,30664100,35201083,,
2024-01-18,1.141,1.145,1.141,1.145,26770600,30599729,,
2024-01-19,1.163,1.166,1.161,1.165,47311000,55077661,,
2024-01-22,1.191,1.193,1.189,1.192,135264700,161011623,,
2024-01-23,1.193,1.193,1.181,1.181,133636700,158143872,,
2024-01-24,1.189,1.195,1.188,1.192,201658101,240402389,,
2024-01-25,1.189,1.19,1.187,1.189,109240100,129810794,,
2024-01-26,1.183,1.186,1.18,1.182,126858712,150115125,,
2024-01-29,1.181,1.186,1.181,1.186,46292012,54794746,,
2024-01-30,1.199,1.2,1.196,1.198,237666600,284692812,,
2024-01-31,1.18,1.181,1.175,1.176,116813000,137502724,,
2024-02-01,1.161,1.17,1.161,1.166,88246200,102999048,,
2024-02-02,1.19,1.191,1.187,1.189,83685200,99482542,,
2024-02-05,1.197,1.198,1.192,1.196,110750400,132334325,,
2024-02-06,1.195,1.198,1.194,1.198,62916200,75230907,,
2024-02-07,1.195,1.195,1.188,1.19,66616000,79359477,,
2024-02-08,1.202,1.212,1.201,1.212,144038900,173698967,,
2024-02-19,1.199,1.207,1.198,1.206,101711400,122268544,,
2024-02-20,1.203,1.205,1.192,1.195,174407500,208570622,,
2024-02-21,1.183,1.183,1.178,1.183,134818405,159201538,,
2024-02-22,1.199,1.205,1.196,1.205,130861928,156988102,,
2024-02-23,1.218,1.219,1.215,1.216,134842900,164156684,,
2024-02-26,1.206,1.211,1.205,1.209,64879000,78386751,,
2024-02-27,1.209,1.21,1.207,1.209,34693400,41940530,,
2024-02-28,1.211,1.212,1.207,1.209,66407097,80281716,,
2024-02-29,1.202,1.206,1.201,1.205,46810800,56344018,,
2024-03-01,1.215,1.219,1.214,1.219,74966700,91230553,,
2024-03-04,1.233,1.235,1.233,1.235,63468500,78344529,,
2024-03-05,1.225,1.226,1.223,1.224,58759400,71971029,,
2024-03-06,1.209,1.213,1.209,1.213,222799900,269888194,,
2024-03-07,1.21,1.214,1.208,1.211,193729400,234621444,,
2024-03-08,1.23,1.233,1.228,1.23,92311300,113607480,,
2024-03-11,1.212,1.212,1.208,1.211,93200612,112788401,,
2024-03-12,1.212,1.216,1.209,1.214,90376100,109583682,,
2024-03-13,1.223,1.224,1.221,1.223,83380903,101944386,,
2024-03-14,1.217,1.219,1.215,1.219,46319700,56395464,,
2024-03-15,1.21,1.211,1.206,1.207,133176400,160838081,,
2024-03-18,1.199,1.202,1.196,1.201,186741722,223771417,,
2024-03-19,1.2,1.202,1.198,1.201,105705122,126836261,,
2024-03-20,1.205,1.206,1.204,1.205,33730100,40637529,,
2024-03-21,1.223,1.232,1.223,1.232,98229600,120525318,,
2024-03-22,1.23,1.233,1.228,1.231,80759900,99368569,,
2024-03-25,1.231,1.232,1.226,1.227,72058000,88573700,,
2024-03-26,1.228,1.231,1.227,1.231,68384200,84025552,,
2024-03-27,1.225,1.229,1.224,1.228,114945200,140979857,,
2024-03-28,1.229,1.229,1.225,1.227,74261700,91088120,,
2024-03-29,1.225,1.227,1.224,1.227,40274500,49358831,,
2024-04-01,1.233,1.234,1.23,1.233,87006100,107172460,,
2024-04-02,1.226,1.228,1.225,1.226,99947500,122557887,,
2024-04-03,1.213,1.214,1.211,1.213,104307900,126516380,,
2024-04-08,1.213,1.215,1.211,1.211,91825000,111407888,,
2024-04-09,1.212,1.214,1.211,1.212,61296700,74296513,,
2024-04-10,1.216,1.217,1.215,1.215,60042300,72985982,,
2024-04-11,1.205,1.206,1.203,1.204,98268100,118377666,,
2024-04-12,1.225,1.225,1.223,1.223,68709800,84092196,,
2024-04-15,1.205,1.212,1.205,1.212,59060500,71347399,,
2024-04-16,1.186,1.186,1.177,1.181,103236100,122028932,,
2024-04-17,1.185,1.187,1.179,1.184,120956001,143223452,,
2024-04-18,1.171,1.179,1.17,1.179,62860700,73828933,,
2024-04-19,1.154,1.155,1.142,1.153,296425100,340405512,,
2024-04-22,1.141,1.148,1.14,1.146,119281375,136343229,,
2024-04-23,1.149,1.151,1.147,1.151,90345500,103787642,,
2024-04-24,1.175,1.179,1.174,1.178,98115000,115508401,,
2024-04-25,1.161,1.163,1.155,1.157,86840300,100613404,,
2024-04-26,1.176,1.179,1.176,1.178,71989800,84797465,,
2024-04-29,1.187,1.19,1.187,1.19,47030500,55880648,,
2024-04-30,1.191,1.21,1.191,1.209,342456501,412321288,,
2024-05-06,1.207,1.213,1.205,1.213,140478300,169867713,,
2024-05-07,1.222,1.226,1.221,1.225,85977800,105221132,,
2024-05-08,1.226,1.23,1.226,1.228,43788600,53788741,,
2024-05-09,1.229,1.23,1.224,1.226,45505703,55786610,,
2024-05-10,1.23,1.234,1.23,1.234,25393500,31255508,,
2024-05-13,1.234,1.238,1.233,1.237,56152500,69400052,,
2024-05-14,1.236,1.239,1.235,1.237,39595900,48968173,,
2024-05-15,1.246,1.248,1.242,1.244,23781200,29590524,,
2024-05-16,1.262,1.267,1.262,1.263,37628702,47530827,,
2024-05-17,1.258,1.262,1.258,1.262,37816100,47672670,,
2024-05-20,1.262,1.267,1.262,1.265,16229500,20521703,,
2024-05-21,1.271,1.273,1.27,1.272,14909400,18966488,,
2024-05-22,1.278,1.28,1.275,1.277,16763500,21392710,,
2024-05-23,1.282,1.289,1.281,1.288,24676300,31727907,,
2024-05-24,1.271,1.272,1.268,1.269,43705302,55504012,,
2024-05-27,1.279,1.282,1.278,1.281,29706200,38015681,,
2024-05-28,1.282,1.286,1.282,1.286,15609400,20047620,,
2024-05-29,1.287,1.287,1.281,1.281,18549600,23817138,,
2024-05-30,1.274,1.274,1.267,1.268,22577200,28685949,,
2024-05-31,1.258,1.262,1.256,1.26,53446100,67340873,,
2024-06-03,1.265,1.269,1.265,1.269,24593800,31150567,,
2024-06-04,1.271,1.271,1.264,1.265,19411814,24587620,,
2024-06-05,1.273,1.276,1.271,1.273,18164700,23140829,,
2024-06-06,1.299,1.3,1.298,1.298,22737400,29529374,,
2024-06-07,1.299,1.3,1.297,1.3,19463812,25278786,,
2024-06-11,1.3,1.302,1.3,1.3,15616100,20319091,,
2024-06-12,1.313,1.316,1.312,1.315,23954200,31474360,,
2024-06-13,1.338,1.341,1.336,1.341,18644100,24959942,,
2024-06-14,1.342,1.342,1.338,1.341,20015400,26822513,,
2024-06-17,1.344,1.347,1.342,1.347,29795200,40079484,,
2024-06-18,1.36,1.364,1.36,1.363,61447200,83680097,,
2024-06-19,1.363,1.367,1.363,1.367,33065101,45133394,,
2024-06-20,1.368,1.373,1.367,1.372,69974701,95877602,,
2024-06-21,1.354,1.357,1.349,1.352,73841100,100022818,,
2024-06-24,1.347,1.353,1.345,1.35,37172900,50169046,,
2024-06-25,1.334,1.338,1.332,1.337,44071000,58883080,,
2024-06-26,1.355,1.355,1.351,1.354,77694400,105148067,,
2024-06-27,1.35,1.352,1.348,1.351,80166500,108245477,,
2024-06-28,1.361,1.365,1.361,1.365,153825500,209601001,,
2024-07-01,1.355,1.356,1.352,1.356,157907200,213873524,,
2024-07-02,1.358,1.358,1.354,1.356,170562700,231310511,,
2024-07-03,1.373,1.39,1.373,1.388,157545800,217504878,,
2024-07-04,1.411,1.426,1.38,1.396,234721900,331436923,,
2024-07-05,1.396,1.41,1.393,1.408,249440800,349183608,,
2024-07-08,1.424,1.424,1.41,1.414,229143000,323707399,,
2024-07-09,1.416,1.436,1.407,1.434,461825100,654968511,,
2024-07-10,1.438,1.438,1.42,1.421,249056300,355459533,,
2024-07-11,1.436,1.45,1.434,1.45,327879300,472785865,,
2024-07-12,1.403,1.42,1.388,1.4,151683624,212553469,,
2024-07-15,1.42,1.423,1.412,1.423,139838812,198492014,,
2024-07-16,1.43,1.435,1.423,1.432,128621900,183729299,,
2024-07-17,1.432,1.432,1.404,1.412,150413200,213211664,,
2024-07-18,1.362,1.397,1.362,1.391,123308200,169573410,,
2024-07-19,1.38,1.38,1.362,1.368,144804905,198493020,,
2024-07-22,1.36,1.362,1.35,1.361,76396400,103593852,,
2024-07-23,1.381,1.386,1.373,1.384,79263002,109481918,,
2024-07-24,1.376,1.376,1.356,1.356,59710100,81511626,,
2024-07-25,1.315,1.322,1.305,1.315,86288387,113310016,,
2024-07-26,1.308,1.312,1.302,1.312,72454212,94738229,,
2024-07-29,1.325,1.335,1.322,1.335,80071800,106245744,,
2024-07-30,1.326,1.326,1.31,1.314,102736101,135062016,,
2024-07-31,1.304,1.315,1.301,1.314,82871107,108304667,,
2024-08-01,1.35,1.352,1.34,1.345,80694000,108793801,,
2024-08-02,1.299,1.305,1.28,1.28,124427307,160586116,,
2024-08-05,1.23,1.23,1.167,1.185,191589019,230154641,,
2024-08-06,1.235,1.239,1.216,1.223,224928800,276083405,,
2024-08-07,1.222,1.238,1.221,1.228,172839900,212652744,,
2024-08-08,1.21,1.214,1.201,1.21,54918300,66328919,,
2024-08-09,1.247,1.249,1.237,1.245,121018400,150440813,,
2024-08-12,1.25,1.256,1.248,1.253,80164300,100462223,,
2024-08-13,1.256,1.262,1.255,1.261,64993000,81779139,,
2024-08-14,1.286,1.291,1.281,1.284,118885500,152908378,,
2024-08-15,1.286,1.293,1.286,1.289,88725900,114490600,,
2024-08-16,1.321,1.338,1.321,1.338,108189299,143711790,,
2024-08-19,1.338,1.338,1.315,1.318,124971300,165696332,,
2024-08-20,1.341,1.342,1.338,1.342,72446702,97104553,,
2024-08-21,1.332,1.337,1.332,1.336,50835904,67852148,,
2024-08-22,1.344,1.344,1.334,1.338,54576900,73090077,,
2024-08-23,1.32,1.327,1.317,1.327,57506800,76011390,,
2024-08-26,1.34,1.34,1.326,1.326,50920300,67737853,,
2024-08-27,1.313,1.316,1.311,1.313,53069400,69717338,,
2024-08-28,1.313,1.318,1.312,1.318,39665700,52187944,,
2024-08-29,1.288,1.293,1.287,1.292,63747772,82283609,,
2024-08-30,1.297,1.3,1.295,1.3,67214003,87227171,,
2024-09-02,1.31,1.314,1.309,1.311,59424932,77962454,,
2024-09-03,1.312,1.315,1.308,1.311,45826268,60104957,,
2024-09-04,1.257,1.266,1.256,1.256,138826249,175049232,,
2024-09-05,1.263,1.268,1.259,1.26,37315300,47126967,,
2024-09-06,1.252,1.262,1.252,1.255,111844400,140607101,,
2024-09-09,1.234,1.242,1.234,1.242,59095952,73169227,,
2024-09-10,1.251,1.252,1.244,1.246,97586407,121827089,,
2024-09-11,1.258,1.26,1.249,1.257,92561387,116220158,,
2024-09-12,1.289,1.296,1.289,1.295,82935700,107238796,,
2024-09-13,1.302,1.309,1.3,1.307,155970300,203348908,,
2024-09-18,1.305,1.305,1.297,1.299,57112300,74266030,,
2024-09-19,1.301,1.311,1.301,1.311,124124900,162025803,,
2024-09-20,1.321,1.322,1.314,1.314,163305600,215223998,,
2024-09-23,1.321,1.323,1.317,1.318,68257100,90147195,,
2024-09-24,1.32,1.321,1.311,1.318,109492098,144068000,,
2024-09-25,1.311,1.315,1.31,1.311,112340103,147441051,,
2024-09-26,1.326,1.337,1.324,1.337,110249806,146505591,,
2024-09-27,1.323,1.326,1.318,1.32,205999500,272387180,,
2024-09-30,1.293,1.317,1.293,1.315,230794300,303088521,,
2024-10-08,1.291,1.314,1.285,1.308,275186800,358930617,,
2024-10-09,1.328,1.337,1.322,1.331,301618600,400437299,,
2024-10-10,1.34,1.351,1.34,1.348,136877600,184107362,,
2024-10-11,1.348,1.35,1.345,1.348,86909800,117135254,,
2024-10-14,1.348,1.349,1.345,1.348,62125720,83635769,,
2024-10-15,1.36,1.371,1.359,1.369,119103300,162858475,,
2024-10-16,1.353,1.355,1.351,1.354,69318900,93794581,,
2024-10-17,1.352,1.361,1.347,1.357,130992400,177019272,,
2024-10-18,1.353,1.354,1.351,1.353,67949500,91897037,,
2024-10-21,1.358,1.36,1.356,1.356,35745000,48530698,,
2024-10-22,1.358,1.361,1.357,1.358,33203400,45134044,,
2024-10-23,1.363,1.366,1.363,1.365,32837067,44797833,,
2024-10-24,1.352,1.352,1.348,1.351,54925172,74187396,,
2024-10-25,1.357,1.359,1.355,1.355,48638000,66004843,,
2024-10-28,1.373,1.376,1.371,1.375,53316100,73260784,,
2024-10-29,1.367,1.372,1.366,1.372,45494900,62292877,,
2024-10-30,1.383,1.387,1.381,1.383,109232300,151192285,,
2024-10-31,1.363,1.364,1.356,1.357,106875700,145392845,,
2024-11-01,1.336,1.342,1.333,1.339,0,0,,
2024-11-04,1.339,1.347,1.338,1.344,67415500,90484007,,
2024-11-05,1.335,1.339,1.332,1.338,41799602,55830088,,
2024-11-06,1.359,1.388,1.358,1.387,151944548,208880124,,
2024-11-07,1.412,1.412,1.403,1.406,190412102,268041424,,
2024-11-08,1.418,1.421,1.417,1.421,89035400,126314064,,
2024-11-11,1.425,1.433,1.425,1.433,54500605,77930447,,
2024-11-12,1.433,1.436,1.432,1.435,79171400,113571138,,
2024-11-13,1.431,1.431,1.425,1.427,48019500,68508148,,
2024-11-14,1.427,1.433,1.427,1.428,34232800,48936176,,
2024-11-15,1.417,1.417,1.41,1.411,42072300,59450996,,
2024-11-18,1.396,1.4,1.393,1.4,81460794,113783761,,
2024-11-19,1.397,1.402,1.395,1.401,65299300,91364602,,
2024-11-20,1.411,1.414,1.409,1.414,86994200,122777489,,
2024-11-21,1.402,1.405,1.4,1.404,120171500,168508164,,
2024-11-22,1.412,1.415,1.41,1.414,83095100,117389079,,
2024-11-25,1.424,1.426,1.421,1.426,121551201,173154788,,
2024-11-26,1.418,1.424,1.416,1.424,102189700,145114747,,
2024-11-27,1.429,1.433,1.427,1.429,181559100,259653038,,
2024-11-28,1.418,1.421,1.416,1.421,100698000,142851652,,
2024-11-29,1.417,1.421,1.416,1.419,106353800,150891591,,
2024-12-02,1.426,1.43,1.426,1.429,125995900,179904580,,
2024-12-03,1.447,1.452,1.447,1.451,113305600,164323794,,
2024-12-04,1.457,1.458,1.455,1.456,144826757,210964116,,
2024-12-05,1.469,1.47,1.465,1.465,140176900,205634172,,
2024-12-06,1.46,1.462,1.459,1.461,93250600,136246717,,
2024-12-09,1.475,1.481,1.475,1.481,161467600,238806263,,
2024-12-10,1.462,1.467,1.46,1.461,163354600,238887804,,
2024-12-11,1.461,1.463,1.458,1.462,135964900,198500886,,
2024-12-12,1.488,1.488,1.484,1.486,144146800,214183715,,
2024-12-13,1.485,1.49,1.483,1.49,215760200,320733029,,
2024-12-16,1.491,1.499,1.491,1.498,265617500,397241566,,
2024-12-17,1.519,1.539,1.518,1.532,343793007,524855062,,
2024-12-18,1.525,1.534,1.52,1.534,381766100,583278314,,
2024-12-19,1.485,1.5,1.478,1.495,337509000,503506817,,
2024-12-20,1.487,1.488,1.46,1.462,279670000,411280190,,
2024-12-23,1.488,1.509,1.486,1.509,268168700,400992227,,
2024-12-24,1.529,1.53,1.491,1.511,392477700,594952298,,
2024-12-25,1.53,1.546,1.521,1.541,317312000,486100005,,
2024-12-26,1.542,1.559,1.535,1.554,402849258,623128442,,
2024-12-27,1.543,1.546,1.535,1.54,292302278,450206031,,
2024-12-30,1.51,1.528,1.51,1.524,154415428,235042943,,
2024-12-31,1.51,1.533,1.505,1.514,214386200,324816618,,
2025-01-02,1.514,1.526,1.509,1.526,186608720,283539041,,
2025-01-03,1.52,1.523,1.51,1.516,174562502,264943751,,
2025-01-06,1.54,1.547,1.533,1.547,225961300,348148845,,
2025-01-07,1.564,1.567,1.528,1.529,497639687,771668178,,
2025-01-08,1.503,1.515,1.503,1.511,284037400,428685706,,
2025-01-09,1.506,1.51,1.498,1.503,162778200,244679222,,
2025-01-10,1.496,1.523,1.494,1.502,302030300,454959359,,
2025-01-13,1.484,1.484,1.464,1.468,202936456,299239211,,
2025-01-14,1.485,1.487,1.472,1.487,175550500,259844376,,
2025-01-15,1.479,1.479,1.472,1.476,103788800,153109480,,
2025-01-16,1.52,1.52,1.503,1.512,192947200,291155954,,
2025-01-17,1.494,1.507,1.492,1.507,127869368,191722248,,
2025-01-20,1.521,1.528,1.517,1.525,226328610,344488239,,
2025-01-21,1.521,1.533,1.518,1.525,225225500,343479610,,
2025-01-22,1.534,1.536,1.53,1.532,140229800,214877187,,
2025-01-23,1.539,1.54,1.522,1.523,201911519,309540244,,
2025-01-24,1.529,1.533,1.522,1.524,132570100,202573829,,
2025-01-27,1.498,1.5,1.49,1.496,153904700,230207459,,
2025-02-05,1.499,1.504,1.493,1.493,136400100,204514084,,
2025-02-06,1.505,1.509,1.5,1.509,318849000,479651466,,
2025-02-07,1.51,1.512,1.504,1.506,158019800,238243485,,
2025-02-10,1.494,1.496,1.491,1.496,165507900,247217137,,
2025-02-11,1.504,1.504,1.497,1.498,159284800,238849053,,
2025-02-12,1.499,1.499,1.493,1.496,145965100,218354270,,
2025-02-13,1.5,1.501,1.497,1.501,123984064,185897263,,
2025-02-14,1.511,1.516,1.511,1.515,197326728,298625065,,
2025-02-17,1.515,1.518,1.512,1.518,145975164,221155322,,
2025-02-18,1.518,1.528,1.517,1.528,177149264,269489465,,
2025-02-19,1.525,1.526,1.522,1.525,128521200,195815134,,
2025-02-20,1.52,1.521,1.511,1.513,106697100,161762740,,
2025-02-21,1.507,1.509,1.5,1.506,117904217,177307720,,
2025-02-24,1.478,1.482,1.475,1.481,244895434,362077275,,
2025-02-25,1.461,1.461,1.455,1.458,194530386,283562376,,
2025-02-26,1.444,1.452,1.442,1.452,219886332,317966799,,
2025-02-27,1.445,1.454,1.442,1.454,216089100,312677912,,
2025-02-28,1.416,1.42,1.405,1.407,225555964,318388506,,
2025-03-03,1.425,1.437,1.423,1.435,280558924,400798222,,
2025-03-04,1.4,1.408,1.397,1.407,190219372,266578804,,
2025-03-05,1.406,1.41,1.396,1.41,334397200,468995139,,
2025-03-06,1.416,1.416,1.406,1.409,208091480,293222188,,
2025-03-07,1.38,1.38,1.373,1.374,160852313,221359913,,
2025-03-10,1.371,1.376,1.371,1.372,140823722,193450893,,
2025-03-11,1.309,1.328,1.308,1.327,339301851,446628527,,
2025-03-12,1.325,1.327,1.319,1.324,174063206,230484671,,
2025-03-13,1.337,1.338,1.318,1.323,294409600,390656740,,
2025-03-14,1.319,1.327,1.316,1.326,241454919,319394473,,
2025-03-17,1.335,1.337,1.33,1.33,203199626,270882787,,
2025-03-18,1.337,1.344,1.337,1.344,224684000,301346368,,
2025-03-19,1.331,1.333,1.326,1.329,168315480,223930803,,
2025-03-20,1.347,1.355,1.345,1.353,306006423,413569651,,
2025-03-21,1.346,1.348,1.34,1.345,194888400,261849604,,
2025-03-24,1.36,1.367,1.359,1.367,358729900,489212354,,
2025-03-25,1.387,1.39,1.377,1.386,472390949,653657486,,
2025-03-26,1.395,1.397,1.387,1.39,247596800,344282319,,
2025-03-27,1.361,1.368,1.36,1.364,152513743,208215353,,
2025-03-28,1.358,1.359,1.352,1.354,140964500,191098066,,
2025-03-31,1.307,1.309,1.298,1.299,398804200,518946302,,
2025-04-01,1.306,1.316,1.305,1.316,312732038,410046601,,
2025-04-02,1.326,1.329,1.323,1.324,193199237,256101793,,
2025-04-03,1.297,1.303,1.292,1.298,377219800,489557101,,
2025-04-07,1.168,1.168,1.168,1.168,65985600,77071181,,
2025-04-08,1.211,1.219,1.186,1.211,911556312,1102925429,,
2025-04-09,1.158,1.179,1.152,1.175,775221500,904204744,,
2025-04-10,1.293,1.293,1.291,1.293,386884406,500234665,,
2025-04-11,1.24,1.284,1.234,1.278,621537300,783632027,,
2025-04-14,1.295,1.305,1.291,1.304,394317468,511986240,,
2025-04-15,1.292,1.295,1.287,1.289,268948000,347137023,,
2025-04-16,1.276,1.28,1.263,1.268,299774200,381453751,,
2025-04-17,1.258,1.271,1.256,1.269,398879100,504306659,,
2025-04-18,1.261,1.266,1.256,1.262,152528600,192293536,,
2025-04-21,1.252,1.252,1.242,1.244,211941801,264193129,,
2025-04-22,1.233,1.243,1.228,1.242,262993301,324602359,,
2025-04-23,1.274,1.282,1.27,1.281,424774211,541832965,,
2025-04-24,1.283,1.285,1.275,1.276,412302233,527620309,,
2025-04-25,1.319,1.325,1.317,1.324,377647600,498938458,,
2025-04-28,1.321,1.33,1.32,1.329,267699571,354477004,,
2025-04-29,1.331,1.335,1.326,1.327,424888800,565316825,,
2025-04-30,1.328,1.329,1.323,1.328,316879800,420197707,,
2025-05-06,1.349,1.351,1.34,1.343,400594700,538896615,,
2025-05-07,1.349,1.352,1.345,1.347,344899600,465392733,,
2025-05-08,1.358,1.367,1.356,1.366,349154300,475308999,,
2025-05-09,1.366,1.371,1.364,1.369,239821840,327935315,,
2025-05-12,1.39,1.393,1.386,1.391,421875502,586059649,,
2025-05-13,1.408,1.409,1.402,1.402,297297500,417855872,,
2025-05-14,1.429,1.441,1.429,1.441,332783300,477618456,,
2025-05-15,1.441,1.443,1.435,1.436,275680551,396948543,,
2025-05-16,1.437,1.441,1.436,1.436,155230000,223292705,,
2025-05-19,1.432,1.435,1.427,1.428,368920800,527970982,,
2025-05-20,1.445,1.449,1.443,1.446,267631600,387006785,,
2025-05-21,1.443,1.444,1.433,1.435,205364600,295618258,,
2025-05-22,1.424,1.429,1.422,1.428,246915700,351988533,,
2025-05-23,1.427,1.428,1.421,1.422,143735400,204737752,,
2025-05-26,1.425,1.427,1.42,1.427,111198900,158278877,,
2025-05-27,1.425,1.433,1.423,1.432,126211600,180191921,,
2025-05-28,1.448,1.449,1.444,1.444,136488200,197411454,,
2025-05-29,1.467,1.472,1.466,1.469,174580200,256414780,,
2025-05-30,1.437,1.443,1.436,1.439,175353600,252279345,,
2025-06-03,1.448,1.451,1.444,1.446,137322600,198644874,,
2025-06-04,1.459,1.464,1.457,1.462,168962300,246714613,,
2025-06-05,1.462,1.466,1.46,1.462,172269000,251924984,,
2025-06-06,1.453,1.46,1.45,1.458,121700900,177075619,,
2025-06-09,1.463,1.464,1.461,1.464,109126900,159617128,,
2025-06-10,1.473,1.479,1.464,1.469,186755522,274960843,,
2025-06-11,1.475,1.476,1.472,1.473,125220700,184560137,,
2025-06-12,1.467,1.47,1.464,1.47,144115100,211420578,,
2025-06-13,1.451,1.455,1.445,1.453,253168900,367311909,,
2025-06-16,1.459,1.465,1.458,1.465,123619000,180636348,,
2025-06-17,1.47,1.474,1.467,1.472,154165600,226736375,,
2025-06-18,1.468,1.47,1.466,1.467,62117800,91146098,,
2025-06-19,1.459,1.462,1.456,1.457,100429500,146498448,,
2025-06-20,1.457,1.463,1.456,1.46,79331700,115711730,,
2025-06-23,1.451,1.456,1.448,1.456,95062800,138066814,,
2025-06-24,1.48,1.492,1.479,1.491,215960000,320535460,,
2025-06-25,1.494,1.495,1.491,1.493,98929901,147656171,,
2025-06-26,1.494,1.501,1.493,1.5,106223000,158963040,,
2025-06-27,1.509,1.515,1.508,1.514,126733399,191669167,,
2025-06-30,1.521,1.524,1.519,1.523,157906100,240188887,,
2025-07-01,1.523,1.524,1.518,1.52,107641401,163704448,,
2025-07-02,1.512,1.518,1.51,1.518,132666301,200890292,,
2025-07-03,1.522,1.524,1.519,1.523,98610100,150037219,,
2025-07-04,1.535,1.536,1.531,1.531,68870500,105603727,,
2025-07-07,1.529,1.532,1.528,1.531,53183600,81369418,,
2025-07-08,1.529,1.53,1.525,1.53,83580500,127719359,,
2025-07-09,1.528,1.529,1.525,1.526,87884400,134186863,,
2025-07-10,1.533,1.537,1.533,1.535,69087400,106040758,,
2025-07-11,1.534,1.534,1.528,1.53,120870600,184939331,,
2025-07-14,1.523,1.525,1.522,1.523,68134500,103805260,,
2025-07-15,1.532,1.545,1.532,1.545,165512400,254978301,,
2025-07-16,1.538,1.54,1.534,1.535,61352500,94320252,,
2025-07-17,1.542,1.547,1.538,1.545,75554300,116478352,,
2025-07-18,1.552,1.559,1.552,1.555,81593500,126958399,,
2025-07-21,1.556,1.557,1.553,1.556,61524800,95657470,,
2025-07-22,1.559,1.561,1.556,1.558,62477667,97373389,,
2025-07-23,1.553,1.555,1.549,1.554,78517100,121867652,,
2025-07-24,1.561,1.562,1.556,1.557,52691567,82166175,,
2025-07-25,1.56,1.564,1.56,1.56,70239300,109709839,,
2025-07-28,1.569,1.578,1.569,1.576,57725200,90851602,,
2025-07-29,1.577,1.579,1.574,1.578,46330500,73046636,,
2025-07-30,1.572,1.576,1.571,1.575,45508600,71652117,,
2025-07-31,1.595,1.6,1.595,1.596,86574800,138277010,,
2025-08-01,1.57,1.572,1.565,1.566,123816000,194318490,,
2025-08-04,1.544,1.544,1.539,1.541,148140325,228291285,,
2025-08-05,1.565,1.569,1.563,1.569,83318200,130444023,,
2025-08-06,1.551,1.56,1.549,1.558,59749438,92939247,,
2025-08-07,1.576,1.578,1.571,1.571,111753900,175902204,,
2025-08-08,1.578,1.581,1.576,1.579,66312500,104700795,,
2025-08-11,1.592,1.597,1.592,1.595,107976300,172138529,,
2025-08-12,1.591,1.592,1.586,1.591,89855400,142809879,,
2025-08-13,1.606,1.608,1.605,1.607,124091050,199307489,,
2025-08-14,1.606,1.606,1.603,1.605,67205400,107824347,,
2025-08-15,1.605,1.61,1.604,1.61,62175700,99902882,,
2025-08-18,1.605,1.606,1.597,1.599,98775800,158236412,,
2025-08-19,1.598,1.598,1.593,1.595,58672748,93633758,,
2025-08-20,1.57,1.575,1.568,1.575,126000400,197881585,,
2025-08-21,1.566,1.575,1.564,1.572,172231500,270194034,,
2025-08-22,1.565,1.566,1.555,1.558,125828000,196538110,,
2025-08-25,1.58,1.589,1.58,1.585,178154600,282148246,,
2025-08-26,1.579,1.579,1.57,1.573,216253600,340211401,,
2025-08-27,1.582,1.586,1.58,1.583,117843600,186481293,,
2025-08-28,1.577,1.581,1.576,1.579,114539600,180784999,,
2025-08-29,1.583,1.586,1.58,1.582,121647200,192428019,,
2025-09-01,1.569,1.57,1.56,1.566,135232000,211667645,,
2025-09-02,1.568,1.57,1.564,1.566,76969000,120550224,,
2025-09-03,1.558,1.565,1.557,1.563,74766600,116711959,,
2025-09-04,1.575,1.575,1.569,1.569,107806300,169376515,,
2025-09-05,1.586,1.589,1.584,1.588,101205300,160571598,,
2025-09-08,1.587,1.588,1.584,1.584,121477500,192614746,,
2025-09-09,1.587,1.59,1.586,1.59,77624969,123267642,,
2025-09-10,1.593,1.598,1.592,1.597,74423900,118739164,,
2025-09-11,1.596,1.596,1.592,1.596,80791800,128812082,,
2025-09-12,1.602,1.604,1.6,1.604,63772600,102220273,,
2025-09-15,1.609,1.612,1.607,1.612,99921701,160826021,,
2025-09-16,1.621,1.625,1.621,1.623,87208000,141536360,,
2025-09-17,1.621,1.621,1.616,1.617,79652300,128849487,,
2025-09-18,1.62,1.628,1.62,1.625,147029800,238856970,,
2025-09-19,1.635,1.636,1.631,1.631,121627100,198749007,,
2025-09-22,1.645,1.646,1.642,1.644,158707800,260933350,,
2025-09-23,1.655,1.663,1.655,1.662,117446500,194853156,,
2025-09-24,1.648,1.655,1.646,1.654,153175500,252704139,,
2025-09-25,1.648,1.649,1.643,1.645,164007700,270109699,,
2025-09-26,1.639,1.641,1.635,1.641,164476700,269388902,,
2025-09-29,1.648,1.653,1.647,1.653,185365400,305848251,,
2025-09-30,1.653,1.659,1.652,1.658,229714500,380316486,,
2025-10-09,1.685,1.695,1.684,1.693,268222170,453370664,,
2025-10-10,1.694,1.699,1.689,1.697,343174500,581396440,,
2025-10-13,1.664,1.675,1.648,1.675,502994100,837840413,,
2025-10-14,1.687,1.695,1.658,1.661,276107070,463199878,,
2025-10-15,1.668,1.678,1.666,1.673,234755300,392411827,,
2025-10-16,1.674,1.682,1.67,1.681,259800700,435273731,,
2025-10-17,1.666,1.669,1.654,1.656,244725236,406792023,,
2025-10-20,1.68,1.689,1.674,1.687,307926900,517974100,,
2025-10-21,1.709,1.709,1.697,1.701,364210534,620257457,,
2025-10-22,1.699,1.737,1.698,1.727,487674200,835740609,,
2025-10-23,1.711,1.729,1.705,1.726,311600046,535187525,,
2025-10-24,1.745,1.754,1.735,1.751,275160000,480570941,,
2025-10-27,1.78,1.798,1.772,1.798,403401900,721872891,,
2025-10-28,1.82,1.834,1.785,1.806,431956711,780953966,,
2025-10-29,1.824,1.84,1.817,1.839,339065300,620022527,,
2025-10-30,1.839,1.85,1.82,1.826,347806661,638213602,,
2025-10-31,1.826,1.837,1.812,1.823,217263637,396061927,,
2025-11-03,1.825,1.83,1.823,1.824,119247000,217817222,,
2025-11-04,1.825,1.827,1.783,1.8,165570000,298844958,,
2025-11-05,1.751,1.791,1.741,1.781,239520700,423167769,,
2025-11-06,1.792,1.816,1.792,1.812,121634829,219847383,,
2025-11-07,1.787,1.797,1.78,1.792,137885500,246818783,,
2025-11-10,1.811,1.819,1.804,1.815,130673747,236718574,,
2025-11-11,1.835,1.84,1.815,1.82,123436700,225653970,,
2025-11-12,1.832,1.833,1.825,1.831,82134400,150274530,,
2025-11-13,1.826,1.834,1.824,1.83,69483500,127157132,,
2025-11-14,1.804,1.809,1.796,1.801,106381200,191913501,,
2025-11-17,1.819,1.821,1.792,1.801,108508182,196267898,,
2025-11-18,1.783,1.783,1.74,1.741,183159900,322506177,,
2025-11-19,1.734,1.749,1.723,1.737,158156700,274825061,,
2025-11-20,1.806,1.806,1.772,1.791,122167400,218041450,,
2025-11-21,1.729,1.748,1.724,1.742,157887000,274476199,,
2025-11-24,1.769,1.769,1.74,1.741,163565200,285757334,,
2025-11-25,1.776,1.779,1.769,1.771,98031600,174016674,,
2025-11-26,1.783,1.795,1.778,1.792,126244100,225741702,,
2025-11-27,1.8,1.804,1.788,1.791,86672400,155710558,,
2025-11-28,1.8,1.809,1.794,1.809,59357100,106898870,,
2025-12-01,1.802,1.812,1.798,1.799,82996600,149717041,,
2025-12-02,1.806,1.807,1.797,1.8,55829300,100526658,,
2025-12-03,1.81,1.823,1.81,1.821,84500300,153491155,,
2025-12-04,1.825,1.825,1.818,1.822,46678500,85031128,,
2025-12-05,1.823,1.826,1.82,1.823,53584300,97680830,,
2025-12-08,1.823,1.827,1.817,1.819,59279400,107950015,,
2025-12-09,1.81,1.81,1.79,1.797,93077400,167344147,,
2025-12-10,1.803,1.809,1.797,1.806,62497400,112774962,,
2025-12-11,1.806,1.81,1.792,1.794,65287800,117479957,,
2025-12-12,1.8,1.802,1.792,1.795,54485900,97835697,,
2025-12-15,1.774,1.788,1.769,1.78,68983300,122772392,,
2025-12-16,1.773,1.776,1.756,1.756,84300700,148595839,,
2025-12-17,1.76,1.777,1.76,1.775,86675097,153297593,,
2025-12-18,1.758,1.758,1.746,1.756,75026400,131508653,,
2025-12-19,1.774,1.781,1.769,1.78,43460328,77107103,,
2025-12-22,1.802,1.812,1.801,1.811,70032441,126548858,,
2025-12-23,1.817,1.817,1.802,1.805,52751000,95260427,,
2025-12-24,1.811,1.812,1.801,1.806,36946700,66707539,,
2025-12-25,1.807,1.808,1.803,1.804,28655100,51709212,,
2025-12-26,1.81,1.812,1.805,1.809,32833200,59338578,,
2025-12-29,1.806,1.806,1.791,1.794,44496800,79829508,,
2025-12-30,1.783,1.795,1.772,1.792,54151193,96333814,,
2025-12-31,1.782,1.788,1.777,1.783,39124600,69739628,,
2026-01-05,1.784,1.798,1.783,1.797,58523400,104859329,,
2026-01-06,1.803,1.803,1.779,1.789,110039100,196620782,,
2026-01-07,1.792,1.795,1.786,1.788,46962300,83996852,,
2026-01-08,1.788,1.788,1.777,1.778,47854600,85216580,,
2026-01-09,1.777,1.779,1.765,1.775,74889800,132598906,,
2026-01-12,1.775,1.786,1.767,1.772,93197016,165395477,,
2026-01-13,1.772,1.783,1.768,1.778,81921900,145204263,,
2026-01-14,1.773,1.774,1.769,1.772,44433600,78676062,,
2026-01-15,1.761,1.774,1.757,1.772,46983100,82831838,,
2026-01-16,1.772,1.775,1.766,1.769,34118910,60343933,,
2026-01-19,1.76,1.76,1.751,1.751,56712510,99546216,,
2026-01-20,1.75,1.753,1.741,1.742,43232200,75468125,,
2026-01-21,1.733,1.735,1.721,1.733,107534654,185916892,,
2026-01-22,1.75,1.761,1.749,1.759,55885900,98164363,,
2026-01-23,1.76,1.769,1.756,1.759,38441600,67655417,,
2026-01-26,1.756,1.756,1.744,1.746,39072800,68273404,,
2026-01-27,1.755,1.761,1.75,1.754,53871076,94627479,,
2026-01-28,1.765,1.772,1.764,1.771,54829300,96937343,,
2026-01-29,1.766,1.766,1.756,1.76,50460800,88781702,,
2026-01-30,1.745,1.756,1.744,1.751,44745300,78241343,,
2026-02-02,1.745,1.746,1.718,1.719,76063100,131472309,,
2026-02-03,1.745,1.759,1.739,1.757,45656699,79878104,,
2026-02-04,1.727,1.74,1.724,1.739,37785900,65484149,,
2026-02-05,1.723,1.728,1.717,1.726,43907700,75569747,,
2026-02-06,1.702,1.702,1.687,1.694,69721000,118174855,,
2026-02-09,1.724,1.726,1.72,1.722,40783300,70240166,,
2026-02-10,1.73,1.732,1.722,1.723,30926100,53326862,,
2026-02-11,1.722,1.722,1.714,1.718,32597900,55962373,,
2026-02-12,1.715,1.722,1.713,1.714,28502600,48922140,,
2026-02-13,1.69,1.71,1.687,1.709,40324000,68530873,,
2026-02-24,1.706,1.706,1.688,1.697,49753880,84255866,,
2026-02-25,1.705,1.713,1.691,1.694,50698300,86173654,,
2026-02-26,1.703,1.706,1.701,1.702,62326900,106145829,,
2026-02-27,1.694,1.695,1.687,1.695,28108100,47503636,,
2026-03-02,1.68,1.689,1.672,1.673,53263300,89510189,,
2026-03-03,1.681,1.69,1.661,1.662,57200300,95657008,,
2026-03-04,1.649,1.664,1.635,1.638,85914000,141617386,,
2026-03-05,1.662,1.676,1.662,1.673,53274480,89022403,,
2026-03-06,1.665,1.673,1.663,1.671,59836860,99766533,,
2026-03-09,1.621,1.649,1.62,1.638,68589000,111953976,,
2026-03-10,1.663,1.671,1.66,1.661,54519700,90788502,,
2026-03-11,1.667,1.672,1.661,1.666,51202700,85288705,,
2026-03-12,1.661,1.661,1.652,1.659,32902700,54519029,,
2026-03-13,1.638,1.65,1.638,1.647,28565000,47024168,,
2026-03-16,1.644,1.65,1.636,1.65,56783700,93188811,,
2026-03-17,1.654,1.656,1.64,1.641,51430400,84860518,,
2026-03-18,1.654,1.667,1.651,1.663,56759900,94140506,,
2026-03-19,1.641,1.648,1.638,1.641,32571000,53495068,,
2026-03-20,1.647,1.647,1.625,1.626,36823467,60218826,,
2026-03-23,1.603,1.603,1.554,1.563,155481200,245338814,,
2026-03-24,1.592,1.595,1.576,1.591,128712800,203713478,,
2026-03-25,1.6,1.612,1.595,1.611,68316500,109758108,,
2026-03-26,1.611,1.614,1.595,1.598,51305900,82344229,,
2026-03-27,1.572,1.595,1.567,1.588,83349702,131704744,,
2026-03-30,1.563,1.568,1.554,1.567,53780102,83870737,,
2026-03-31,1.563,1.573,1.56,1.564,32170400,50341978,,
2026-04-01,1.604,1.627,1.601,1.627,79878890,128623046,,
2026-04-02,1.623,1.625,1.592,1.603,57846152,92759287,,
2026-04-03,1.615,1.617,1.606,1.606,27287702,43945122,,
2026-04-07,1.609,1.614,1.605,1.607,29584400,47599627,,
2026-04-08,1.661,1.691,1.661,1.688,87630200,146672620,,
2026-04-09,1.668,1.68,1.658,1.673,61885800,103375004,,
2026-04-10,1.685,1.698,1.678,1.681,46914700,79294883,,
2026-04-13,1.678,1.678,1.666,1.675,47479500,79333884,,
2026-04-14,1.703,1.705,1.697,1.7,42088618,71575176,,
2026-04-15,1.725,1.741,1.723,1.729,84234590,145800512,,
2026-04-16,1.76,1.77,1.759,1.768,82182400,144859266,,
2026-04-17,1.767,1.767,1.753,1.757,60428900,106223953,,
2026-04-20,1.765,1.77,1.755,1.758,71404480,125801403,,
2026-04-21,1.76,1.764,1.749,1.758,53264571,93559367,,
2026-04-22,1.756,1.762,1.752,1.762,40155600,70569631,,
2026-04-23,1.774,1.778,1.763,1.773,76657551,135696814,,
2026-04-24,1.773,1.777,1.769,1.774,70781117,125501646,,
2026-04-27,1.795,1.807,1.793,1.807,100038971,180237315,,
2026-04-28,1.807,1.812,1.804,1.81,108231150,195728320,,
2026-04-29,1.8,1.807,1.796,1.805,61889723,111579016,,
2026-04-30,1.817,1.823,1.8,1.808,100534055,182159020,,
2026-05-06,1.859,1.869,1.859,1.864,122595597,228368313,,
2026-05-07,1.895,1.901,1.888,1.901,128234025,243063604,,
2026-05-08,1.899,1.907,1.893,1.906,83946000,159328306,,
2026-05-11,1.936,2.0,1.936,1.956,135136407,263704212,,
2026-05-12,1.957,1.959,1.933,1.938,124228482,241499578,,
2026-05-13,1.93,1.955,1.925,1.955,124261104,240846503,,
2026-05-14,1.979,1.983,1.955,1.971,123237557,242260754,,
2026-05-15,1.973,1.979,1.946,1.96,165066960,324185125,,
2026-05-18,1.935,1.942,1.914,1.916,154720010,298169467,,
2026-05-19,1.916,1.917,1.893,1.906,129589600,246724674,,
2026-05-20,1.896,1.92,1.887,1.919,94688101,179640396,,
2026-05-21,1.945,1.957,1.932,1.945,115590687,224838099,,
2026-05-22,1.958,1.979,1.952,1.978,107580900,211435155,,
2026-05-25,2.025,2.176,2.024,2.053,155792313,317833436,,
2026-05-26,2.053,2.053,2.026,2.033,86030600,175658048,,
2026-05-27,2.058,2.075,2.056,2.07,101444762,209842747,,
2026-05-28,2.07,2.082,2.037,2.075,143213000,295023775,,
2026-05-29,2.093,2.123,2.093,2.122,112159500,237119018,,
2026-06-01,2.151,2.214,2.145,2.2,226321100,494992681,,
2026-06-02,2.2,2.209,2.13,2.185,163818331,356821863,,
2026-06-03,2.185,2.202,2.13,2.153,146754125,318294556,,
2026-06-04,2.12,2.131,2.104,2.107,114988896,242894173,,
2026-06-05,2.094,2.111,2.064,2.087,115968294,242527360,,
2026-06-08,2.007,2.048,2.0,2.016,193130189,390481889,,
2026-06-09,2.05,2.082,2.046,2.079,122134200,251652488,,
2026-06-10,2.041,2.05,2.015,2.019,79986900,161704598,,
2026-06-11,2.0,2.012,1.98,2.01,104042977,207711167,,
2026-06-12,2.06,2.074,2.032,2.036,91977900,188804139,,
2026-06-15,2.095,2.116,2.082,2.113,117149000,246053924,,
2026-06-16,2.133,2.142,2.121,2.127,99401038,211912014,,
2026-06-17,2.1,2.13,2.094,2.127,83035038,175241202,,
2026-06-18,2.125,2.125,2.1,2.119,78139001,164864000,,
2026-06-22,2.119,2.138,2.103,2.116,85975300,181515123,,
2026-06-23,2.097,2.097,2.066,2.069,94401600,196443881,,
2026-06-24,2.059,2.074,2.05,2.066,95581000,197159293,,
2026-06-25,2.066,2.09,2.053,2.088,76623980,158937896,,
2026-06-26,2.056,2.056,2.029,2.04,69914734,142436179,,
2026-06-29,2.041,2.049,2.03,2.047,84315650,172002172,,
2026-06-30,2.061,2.083,2.06,2.077,74184300,153932280,,
2026-07-01,2.099,2.104,2.081,2.089,64195400,134462307,,
2026-07-02,2.082,2.082,2.053,2.059,64213800,132525210,,
2026-07-03,2.055,2.071,2.043,2.063,53647600,110403962,,
2026-07-06,2.063,2.063,2.037,2.053,46828808,96014319,2200.0,4517.0
